FILE_NAME	NAME	AGE	OCCUPATION	ADRESS	LIKES	DISLIKES
johnny	profile_johnny_name_item			profile_johnny_address_item	profile_johnny_likes_item	
ryan	profile_ryan_name_item				profile_ryan_likes_item	
terry	profile_terry_name_item			profile_terry_address_item		
elijah	profile_elijah_name_item					
cornelius_mctaro	profile_cornelius_mctaro_name_item		profile_cornelius_mctaro_occupation_item	profile_cornelius_mctaro_address_item	profile_cornelius_mctaro_likes_item	
harris_goodwill	profile_harris_goodwill_name_item		profile_harris_occupation_item		profile_harris_goodwill_likes_item	
luca	profile_luca_russalo_name_item			profile_luca_russalo_address_item	profile_luca_russalo_likes_item	
junior	profile_juniorjack_name_item		profile_juniorjack_occupation_item			
tina	profile_tina_name_item		profile_tina_occupation_item			
emilio	profile_emilio_name_item	profile_emilio_age_item	profile_emilio_occupation_item		profile_emilio_likes_item	
rebecca	profile_rebecca_name_item			profile_rebecca_address	profile_rebecca_likes_item	
davy	profile_davy_name_item				profile_davy_likes_item	
xrayo44			profile_xrayo44_occupation_item		profile_xrayo44_likes_item	
adriana				profile_the_adriana_maisy_address_item	profile_the_adriana_maisy_likes_item	
xavier	profile_xavier_name_item			profile_xavier_creditcard_item		